S,Prg,Code,DeclVar,RealType,TypeAtomic,Literal,Expression,ExprLogicOr,ExprLogicAnd,ExprEquals,ExprAditiv,ExprMult,ExprExp,ExprUnitary,ExpressionList,MatrixIndex,Assign,LoopWhCom,Step,CondCom,PrintCom,ReadCom,CallFunc,DeclFunc,SpecReturnType,TypeArrayUndefined,FuncParamsReal,Parameters,Scope,Commands
 ,1, , , , , , , , , , , , , , , , , , , , , , , , , , , , , 
 , , , , , , , , , , , , , , , , , , , , , , , , , , , , , , 
 , ,3,4,6,8, , , , , , , , , , , , , , , , , , ,5, , , , , , 
 , , , , , , , , , , , , , , , , , , , , , , , , , , , , , , 
 , ,17,4,6,8, , , , , , , , , , , , , , , , , , ,5, , , , , , 
 , ,18,4,6,8, , , , , , , , , , , , , , , , , , ,5, , , , , , 
 , , , , , , , , , , , , , , , , , , , , , , , , , , , , , , 
 , , , , , , , , , , , , , , , , , , , , , , , , , , , , ,22, 
 , , , , , , , , , , , , , , , , , , , , , , , , , , , , , , 
 , , , , , , , , , , , , , , , , , , , , , , , , , , , , , , 
 , , , , , , , , , , , , , , , , , , , , , , , , , , , , , , 
 , , , , , , , , , , , , , , , , , , , , , , , , , , , , , , 
 , , , , , , , , , , , , , , , , , , , , , , , , , , , , , , 
 , , , , , , , , , , , , , , , , , , , , , , , , , , , , , , 
 , , , , , , , , , , , , , , , , , , , , , , , , , , , , , , 
 , , , , , , , , , , , , , , , , , , , , , , , , , , , , , , 
 , , , , , , , , , , , , , , , , , , , , , , , , , , , , , , 
 , , , , , , , , , , , , , , , , , , , , , , , , , , , , , , 
 , , , , , , , , , , , , , , , , , , , , , , , , , , , , , , 
 , , , , , , , , , , , , , , , , , , , , , , , , , , , , , , 
 , , ,27,6,28, , , , , , , , , , , , , , , , , , , , , , , , , 
 , , , , , ,41,29,30,31,32,34,33,35,36, , , , , , , , , , , , , , , , 
 , , , , , , , , , , , , , , , , , , , , , , , , , , , , , , 
 , , ,49,6,28, , , , , , , , , , , ,50,51, ,52,53,54,55, , , , , , ,48
 , , , , , , , , , , , , , , , , , , , , , , , , , , , , , , 
 , , , , , , , , , , , , , , , , , , , , , , , , , , , , , , 
 , , , , , , , , , , , , , , , , , , , , , , , , , , , , , , 
 , , , , , , , , , , , , , , , , , , , , , , , , , , , , , , 
 , , , , , , , , , , , , , , , , , , , , , , , , , , , , , , 
 , , , , , , , , , , , , , , , , , , , , , , , , , , , , , , 
 , , , , , , , , , , , , , , , , , , , , , , , , , , , , , , 
 , , , , , , , , , , , , , , , , , , , , , , , , , , , , , , 
 , , , , , , , , , , , , , , , , , , , , , , , , , , , , , , 
 , , , , , , , , , , , , , , , , , , , , , , , , , , , , , , 
 , , , , , , , , , , , , , , , , , , , , , , , , , , , , , , 
 , , , , , , , , , , , , , , , , , , , , , , , , , , , , , , 
 , , , , , , , , , , , , , , , , , , , , , , , , , , , , , , 
 , , , , , ,41, , , , , , , ,79, , , , , , , , , , , , , , , , 
 , , , , , ,41, , , , , , , ,80, , , , , , , , , , , , , , , , 
 , , , , , ,41, ,81,31,32,34,33,35,36, , , , , , , , , , , , , , , , 
 , , , , , , , , , , , , , , , ,82, , , , , , , , , , ,83, , , 
 , , , , , , , , , , , , , , , , , , , , , , , , , , , , , , 
 , , , , , , , , , , , , , , , , , , , , , , , , , , , , , , 
 , , , , , , , , , , , , , , , , , , , , , , , , , , , , , , 
 , , , , , , , , , , , , , , , , , , , , , , , , , , , , , , 
 , , , , , , , , , , , , , , , , , , , , , , , , , , , , , , 
 , , , , , , , , , , , , , , , , , , , , , , , , , , , , , , 
 , , , , , , , , , , , , , , , , , , , , , , , , , , , , , , 
 , , , , , , , , , , , , , , , , , , , , , , , , , , , , , , 
 , , ,49,6,28, , , , , , , , , , , ,50,51, ,52,53,54,55, , , , , , ,87
 , , ,49,6,28, , , , , , , , , , , ,50,51, ,52,53,54,55, , , , , , ,88
 , , ,49,6,28, , , , , , , , , , , ,50,51, ,52,53,54,55, , , , , , ,89
 , , ,49,6,28, , , , , , , , , , , ,50,51, ,52,53,54,55, , , , , , ,90
 , , ,49,6,28, , , , , , , , , , , ,50,51, ,52,53,54,55, , , , , , ,91
 , , ,49,6,28, , , , , , , , , , , ,50,51, ,52,53,54,55, , , , , , ,92
 , , ,49,6,28, , , , , , , , , , , ,50,51, ,52,53,54,55, , , , , , ,93
 , , , , , ,41,94,30,31,32,34,33,35,36, , , , , , , , , , , , , , , , 
 , , , , , , , , , , , , , , , ,96, , , , , , , , , , , , , , 
 , , , , , , , , , , , , , , , , , , , , , , , , , , , , , , 
 , , , , , , , , , , , , , , , , , , , , , , , , , , , , , , 
 , , , , , , , , , , , , , , , , , , , , , , , , , , , , , , 
 , , , , , , , , , , , , , , , , , , , , , , , , , , ,101, , , 
 , , , , , , , , , , , , , , , , , , , , , , , , , , ,102, , , 
 , , , , , ,41,103,30,31,32,34,33,35,36, , , , , , , , , , , , , , , , 
 , , , , , , , , , , , , , , , , , , , , , , , , , , ,104, , , 
 , , , , , , , , , , , , , , , , , , , , , , , , , , , , , , 
 , , ,105,6,28, , , , , , , , , , , , , , , , , , , , , , , , , 
 , , , , , ,41, , ,106,32,34,33,35,36, , , , , , , , , , , , , , , , 
 , , , , , ,41, , , ,107,34,33,35,36, , , , , , , , , , , , , , , , 
 , , , , , ,41, , , , ,108,109,35,36, , , , , , , , , , , , , , , , 
 , , , , , ,41, , , , ,110,109,35,36, , , , , , , , , , , , , , , , 
 , , , , , ,41, , , , ,111,109,35,36, , , , , , , , , , , , , , , , 
 , , , , , ,41, , , , ,112,109,35,36, , , , , , , , , , , , , , , , 
 , , , , , , , , , , , , , , , , , , , , , , , , , , , , , , 
 , , , , , ,41, , , , ,114,109,35,36, , , , , , , , , , , , , , , , 
 , , , , , ,41, , , , , , ,115,36, , , , , , , , , , , , , , , , 
 , , , , , ,41, , , , , ,116,35,36, , , , , , , , , , , , , , , , 
 , , , , , ,41, , , , , ,117,35,36, , , , , , , , , , , , , , , , 
 , , , , , ,41, , , , , , , ,118, , , , , , , , , , , , , , , , 
 , , , , , , , , , , , , , , , , , , , , , , , , , , , , , , 
 , , , , , , , , , , , , , , , , , , , , , , , , , , , , , , 
 , , , , , , , , , , , , , , , , , , , , , , , , , , , , , , 
 , , , , , , , , , , , , , , , , , , , , , , , , , , , , , , 
 , , , , , , , , , , , , , , , , , , , , , , , , , , , , , , 
 , , , , , ,41,120,30,31,32,34,33,35,36, , , , , , , , , , , , , , , , 
 , , , ,123,28, , , , , , , , , , , , , , , , , , , , , , ,122, , 
 , , , , , , , , , , , , , , , , , , , , , , , , , , , , , , 
 , , , , , , , , , , , , , , , , , , , , , , , , , , , , , , 
 , , , , , , , , , , , , , , , , , , , , , , , , , , , , , , 
 , , , , , , , , , , , , , , , , , , , , , , , , , , , , , , 
 , , , , , , , , , , , , , , , , , , , , , , , , , , , , , , 
 , , , , , , , , , , , , , , , , , , , , , , , , , , , , , , 
 , , , , , , , , , , , , , , , , , , , , , , , , , , , , , , 
 , , , , , , , , , , , , , , , , , , , , , , , , , , , , , , 
 , , , , , , , , , , , , , , , , , , , , , , , , , , , , , , 
 , , , , , ,41,125,30,31,32,34,33,35,36, , , , , , , , , , , , , , , , 
 , , , , , , , , , , , , , , , , , , , , , , , , , , , , , , 
 , , , , , ,41,127,30,31,32,34,33,35,36, , , , , , , , , , , , , , , , 
 , , , , , ,41,128,30,31,32,34,33,35,36, , , , , , , , , , , , , , , , 
 , , , , , , , , , , , , , , , , , , , , , , , , , , , , , , 
 , , , ,123,28, , , , , , , , , , , , , , , , , , , , , , ,122, , 
 , , , , , , , , , , , , , , , , , , , , , , , , , , , , , , 
 , , , , , , , , , , , , , , , , , , , , , , , , , , , , ,132, 
 , , , , , , , , , , , , , , , , , , , , , , , , , , , , , , 
 , , , , , , , , , , , , , , , , , , , , , , , , , , , , ,134, 
 , , , , , , , , , , , , , , , , , , , , , , , , , , , , , , 
 , , , , , , , , , , , , , , , , , , , , , , , , , , , , , , 
 , , , , , , , , , , , , , , , , , , , , , , , , , , , , , , 
 , , , , , , , , , , , , , , , , , , , , , , , , , , , , , , 
 , , , , , , , , , , , , , , , , , , , , , , , , , , , , , , 
 , , , , , , , , , , , , , , , , , , , , , , , , , , , , , , 
 , , , , , , , , , , , , , , , , , , , , , , , , , , , , , , 
 , , , , , , , , , , , , , , , , , , , , , , , , , , , , , , 
 , , , , , ,41, , , , ,135,109,35,36, , , , , , , , , , , , , , , , 
 , , , , , , , , , , , , , , , , , , , , , , , , , , , , , , 
 , , , , , , , , , , , , , , , , , , , , , , , , , , , , , , 
 , , , , , , , , , , , , , , , , , , , , , , , , , , , , , , 
 , , , , , , , , , , , , , , , , , , , , , , , , , , , , , , 
 , , , , , , , , , , , , , , , , , , , , , , , , , , , , , , 
 , , , , , , , , , , , , , , , , , , , , , , , , , , , , , , 
 , , , , , , , , , , , , , , , , , , , , , , , , , , , , , , 
 , , , , , , , , , , , , , , , , , , , , , , , , , , , , , , 
 , , , , , , , , , , , , , , , , , , , , , , , , , , , , , , 
 , , , , , , , , , , , , , , , , , , , , , , , , , , , , , , 
 , , , , , , , , , , , , , , , , , , , , , , , , , , , , , , 
 , , , , , , , , , , , , , , , , , , , , , , , , , , , , , , 
 , , , , , ,41,140,30,31,32,34,33,35,36, , , , , , , , , , , , , , , , 
 , , , , , , , , , , , , , , , , , , , , , , , , , , , , , , 
 , , , , , , , , , , , , , , , , , , , , , , , , , , , , , , 
 , , , , , , , , , , , , , , , , , , , , , , , , , , , , , , 
 , , , , , , , , , , , , , , , , , , , , , , , , , , , , , , 
 , , , , , , , , , , , , , , , , , , , , , , , , , , , , , , 
 , , , , , , , , , , , , , , , , , , , , , , , , , , , , , , 
 , , , , , , , , , , , , , , , , , , , , , , , , , , , , , , 
 , , , , , , , , , , , , , , , , , , , , , , , , , , , , , , 
 , , , , , , , , , , , , , , , , , , , , , , , , , , , , , , 
 , , , , , , , , , , , , , , , , , , , , , , , , , , , , , , 
 , , , , , , , , , , , , , , , , , , , , , , , , , , , , , , 
 , , , ,146,28, , , , , , , , , , , , , , , , , , , , , , , , , 
 , , , , , , , , , , , , , , , , , , , , , , , , , , , , , , 
 , , , , , , , , , , , , , , , , , , , , , , , , , , , , , , 
 , , , , , , , , , , , , , , , , , , , , , , , , , , , , ,148, 
 , , , , , , , , , , , , , , , , , , , , , , , , , , , , ,150, 
 , , , , , , , , , , , , , , , , , , , , , , , , , , , , , , 
 , , , , , ,41,153,30,31,32,34,33,35,36,152, , , , , , , , , , , , , , , 
 , , , , , , , , , , , , , , , , , , , , , , , , , , , , , , 
 , , , , , , , , , , , , , , , , , , , , , , , , , , , , , , 
 , , , , , , , , , , , , , , , , , , , , , , , , , , , , , , 
 , , , , , , , , , , , , , , , , , , , , , , , , , , , , , , 
 , , , , , , , , , , , , , , , , , , , , , , , , , , , , ,156, 
 , , , , , , , , , , , , , , , , , , , , , , , , , , , , , , 
 , , , , , , , , , , , , , , , , , , , , , , , , , , , , , , 
 , , , , , , , , , , , , , , , , , , , , , , , , , , , , , , 
 , , , , , , , , , , , , , , , , , , , , , , , , , , , , , , 
 , , , , , , , , , , , , , , , , , , , , , , , , , , , , , , 
 , , , , , ,41,153,30,31,32,34,33,35,36,160, , , , , , , , , , , , , , , 
 , , , , , , , , , , , , , , , , , , , , , , , , , , , , , , 
 , , , , , , , , , , , , , , , , , , , , , , , , , , , , ,161, 
 , , , , , , , , , , , , , , , , , , , , , , , , , , , , , , 
 , , , , , , , , , , , , , , , , , , , , , , , , , , , , , , 
 , , , , , , , , , , , , , , , , , , , , , , , , , , , , , , 
 , , , , , , , , , , , , , , , , , , , , , , , , , , , , , , 
 , , , , , , , , , , , , , , , , , , , , , , , , , , , , , , 
 , , , , , , , , , , , , , , , , , , , , , , , , , , , , , , 
 , , , , , , , , , , , , , , , , , , , , , , , , , , , , , , 
